west_slavic = {
	color = hsv { 0.2  0.7  0.7 }

    levy_template = levy_conscripts

    primary = conscripts
    secondary = conscripts
    flank = conscripts

    primary_navy = tetrere
    secondary_navy = octere
    flank_navy = liburnian
    male_names = {
		Oleg Igor
	}
	female_names = {
		Anna Olga
	}
	family = {
		Godunov.Godunova.Godunov.Godunov
		Tikhonov.Tikhonova.Tikhonov.Tikhonov
		Ryzhkov.Ryzhkova.Ryzhkov.Ryzhkov
		Putin.Putina.Putin.Putin
		Silayev.Silayeva.Silayev.Silayev
		
	}

	culture = {
		polish = {
				male_names = {
					 Abraham Adam Adolf Adrian Arkadiusz Albert Aleksander Alfons Alojzy Ambrozy Anatol Andrzej Antoni Artur August Baltazar Barnaba Bartlomiej Bartosz Bernard Blazej Boguchwal Bogumil Bogurad Boguslaw Boleslaw Bonawentura Bonifacy Borys Bronislaw Celestyn Cezary Cyryl Czeslaw Damian Daniel Dariusz Dawid Dlugosz Domarad Dominik Dzierzykraj Edmund Edward Emil Ernest Eryk Eugeniusz Fabian Feliks Ferdynand Filip Franciszek Fryderyk Gabriel Gniewosz Gracjan Grzegorz Gustaw Hieronim Hipolit Hubert Ignacy Ireneusz Iwan Izaak Izajasz Jakub Jan "Jan Kazimierz" "Jan Maria" Jaroslaw Jerzy Jonatan Juliusz Justyn Jozef Kacper Kajetan Karol Kazimierz Klementyn Krystian Krzysztof Leon Leslaw Ludwik Lukasz Mateusz Maurycy Michal Mieczyslaw Mieszko Mikolaj Milosz Miroslaw Oskar Pawel Piotr Przemyslaw Radoslaw Radzim Robert Roman Romuald Rudolf Ryszard Samuel Sebastian Seweryn Slawomir Stanislaw Stefan Sylwester Szczepan Szymon Tadeusz Teodor Teofil Tomasz Waclaw Waldemar Waleriusz Walery Wilhelm Wladyslaw Wojciech Zbigniew Zenon
				}
				female_names = {
					Ada Adelajda Aga Agnieszka Aleksandra Alicja Amanda Anastazja Aneta Anna Apolonia Barbara Beata Benedykta Bernadeta Bogdana Bogumila Bronislawa Brygida Cecylia Celestyna Dobroslawa Dominika Dorota Eugenia Ewa Franciszka Gabriela Genowefa Hanna Helena Henryka Hildegarda Honorata Iga Irena Irmina Iwona Izabela Jadwiga Janina Jagoda Joanna Judyta Julia Justyna Jozefa Klaudia Katarzyna Krystyna Leokadia Lucja Magda Maria Marianna Marta Monika Nadia Natalia Oliwia Patrycja Paulina Petronela Renata Roksana Roza Stanislawa Stefania Teresa Telimena Urszula Wladyslawa Zbigniewa Zdzislawa Zofia Zuzanna

				}
				family = {
			Baran.Baran.Baran.Baran 
			Baranowski.Baranowska.Baranowski.Baranowski
			Brzeczyszczykiewicz.Brzeczyszczykiewicz.Brzeczyszczykiewicz.Brzeczyszczykiewicz
			Chelminski.Chelminska.Chelminski.Chelminski
			Cybulski.Cybulska.Cybulska.Cybulska 
			Czartoryski.Czartoryska.Czartoryski.Czartoryski
			Dabrowski.Dabrowska.Dabrowski.Dabrowski 
			Domeyko.Domeyko.Domeyko.Domeyko
			Drzewiecki.Drzewiecka.Drzewiecki.Drzewiecki
			Dunin.Dunin.Dunin.Dunin
			Gasiorowski.Gasiorowska.Gasiorowski.Gasiorowski
			Haller.Haller.Haller.Haller
			Hoffman.Hoffman.Hoffman.Hoffman
			Jankowski.Jankowska.Jankowski.Jankowski 
			Jedrzejczyk.Jedrzejczyk.Jedrzejczyk.Jedrzejczyk
			Kaczmarek.Kaczmarek.Kaczmarek.Kaczmarek 
			Kaminski.Kaminska.Kaminski.Kaminski 
			Kowalczyk.Kowalczyk.Kowalczyk.Kowalczyk 
			Kowalski.Kowalska.Kowalski.Kowalski
			Kownacki.Kownacka.Kownacki.Kownacki
			Kozicki.Kozicka.Kozicki.Kozicki 
			Kozlowski.Kozlowska.Kozlowski.Kozlowski 
			Kwiatkowski.Kwiatkowska.Kwiatkowski.Kwiatkowski
			Lewandowski.Lewandowska.Lewandowski.Lewandowski
			Lewicki.Lewicka.Lewicki.Lewicki 
			Lipski.Lipska.Lipski.Lipski 
			Malczewski.Malczewska.Malczewski.Malczewski
			Malachowski.Malachowska.Malachowski.Malachowski
			Mazur.Mazur.Mazur.Mazur 
			Morawski.Morawska.Morawski.Morawski
			Moscicki.Moscicka.Moscicki.Moscicki 
			Narutowicz.Narutowicz.Narutowicz.Narutowicz 
			Nowak.Nowak.Nowak.Nowak 
			Osinski.Osinska.Osinski.Osinski
			Ossolinski.Ossolinska.Ossolinski.Ossolinska
			Ostrowski.Ostrowska.Ostrowski.Ostrowski 
			Pilsudski.Pilsudska.Pilsudski.Pilsudski 
			Poniatowski.Poniatowska.Poniatowski.Poniatowski
			Potocki.Potocka.Potocki.Potocki 
			Radziwill.Radziwill.Radziwill.Radziwill
			Rataj.Rataj.Rataj.Rataj 
			Rayski.Rayska.Rayski.Rayski
			Rozwadowski.Rozwadowska.Rozwadowski.Rozwadowski
			Rybicki.Rybicka.Rybicki.Rybicki
			Sanguszko.Sanguszko.Sanguszko.Sanguszko
			Schindler.Schindler.Schindler.Schindler
			Sosnowski.Sosnowska.Sosnowski.Sosnowski
			Szymanski.Szymanska.Szymanski.Szymanski 
			Tyssowski.Tyssowska.Tyssowski.Tyssowski
			Wielopolski.Wielopolska.Wielopolski.Wielopolski 
			Wisniewski.Wisniewska.Wisniewski.Wisniewski 
			Wodzicki.Wodzicka.Wodzicki.Wodzicki
			Wojciechowski.Wojciechowska.Wojciechowski.Wojciechowski 
			Wozniak.Wozniak.Wozniak.Wozniak 
			Wysocki.Wysocka.Wysocki.Wysocki 
			Wojcik.Wojcik.Wojcik.Wojcik 
			Zajac.Zajac.Zajac.Zajac 
			Zaleski.Zaleska.Zaleski.Zaleski 
			Zielinski.Zielinska.Zielinski.Zielinski
			Zolkiewski.Zolkiewska.Zolkiewski.Zolkiewski

				}
		}
		czech = {
			male_names = {
				Albert Albrecht Ales Alexandr Arnost Bavor Bedrich Benedikt Benes Bocek Bohuslav Boleslav Borek Borivoj Bratislav Bronislav Bretislav Budivoj Castolov Celestyn Ctibor Ctislav Cyprian Cyril Cenek Dagobert Dalibor Daniel Detrich Depold Dobroslav Dusan Eduard Egon Emil Ferdinand Florian Frantisek Gerhard Gustav Hanus Havel Helmut Heralt Herman Hynek Jachym Jakub Jan "Jan Nepomuk" Jaromir Jaroslav Jeronym Jindrich Jiri Josef Julius Kamil Karel Kaspar Kazimir Konrad Kristian Krystof Ladislav Leopold Libor Litold Lubomir Lubos Ludek Ludomir Ludvik Lukas Lumir Marek Marian Markvart Martin Matous Matej Matyas Michal Mikulas Miloslav Milos Miroslav Mojmir Moric Oldrich Ondrej Oskar Otakar Otto Pavel Petr Pravoslav Premysl Prokop Pribyslav Radek Radim Radomir Radoslav Raimund Ratibor Reinhard Robert Roman Rostislav Rudolf Sebastian Sigmund Slavek Slavomir Sobeslav Svatopluk Stefan Stepan Tobias Tomas Ulrich Vaclav Valdemar Viktor Vitezslav Vilem Vladimir Vladimir Vladislav Vlastimil Vojtech Vratislav Vitek Zavis Zbynek Zbysek Zdenek Zikmund 
			}
			female_names = {
				Adela Alena Andrea Anezka Anna Barbora Bedriska Blazena Bohuslava Bozena Bozislava Bronislava Dobromila Dobroslava Dagmar Domaslava Dorota Doubravka Drahomira Drahoslava Eliska Eva Gertruda Guta Hana Helena Hedvika Helena Irena Jana Jarmila Jaroslava Jirina Jitka Katerina Klara Kristyna Lenka Libuse Lucie Ludmila Marcela Marie Marketa Marta Martina Michala Miroslava Monika Oldriska Olga Pavla Petra Perchta Renata Ruzena Sofie Stanislava Svatava Svetlana Tereza Vera Veronika Vlasta Vladislava Vojslava Zdenka Zdislava Zuzana

			}
			family = {
				Baborovsky.Baborovska.Baborovsky.Baborovsky 
				Chotek.Chotkova.Chotek.Chotek 
				Celansky.Celanska.Celansky.Celansky
				Dobrovsky.Dobrovska.Dobrovsky.Dobrovsky
				Dvorak.Dvorakova.Dvorak.Dvorak
				Fric.Fricova.Fric.Fric
				Fucik.Fucikova.Fucik.Fucik
				Halek.Halkova.Halek.Halek 
				Holub.Holubova.Holub.Holub
				Janousek.Janouskova.Janousek.Janousek
				Jesensky.Jesenska.Jesensky.Jesensky 
				Jerabek.Jerabkova.Jerabek.Jerabek
				Jirecek.Jireckova.Jirecek.Jirecek
				Jungmann.Jungmannova.Jungmann.Jungmann
				Kinsky.Kinska.Kinsky.Kinsky 
				Kolacek.Kolackova.Kolacek.Kolacek
				Kounic.Kounicova.Kounic.Kounic 
				Krizkovsky.Krizkovska.Krizkovsky.Krizkovsky
				Kutscha.Kutschova.Kutscha.Kutscha 
				Lichnovsky.Lichnovska.Lichnovsky.Lichnovsky 
				Lobkovic.Lobkovicova.Lobkovic.Lobkovic 
				Mucha.Muchova.Mucha.Mucha
				Nostitz.Nostitzova.Nostitz.Nostitz 
				Rosenberg.Rosenbergova.Rosenberg.Rosenberg 
				Vitkovec.Vitkovcova.Vitkovec.Vitkovec
				Waldstein.Waldsteinova.Waldstein.Waldstein 
				Zerotin.Zerotinova.Zerotin.Zerotin 
			}
		}
		slovak = {
			male_names = {
				Alexander Adam Adolf Anton Augustin Daniel Dusan Dominik Eduard Erik Ferdinand Filip Frantisek Gejza Jakub Jozef Juraj Jaroslav Jan Julius Karol Ladislav Lukas Marek Martin Matej Matus Michal Milan Milos Miroslav Otomar Ondrej Patrik Pavol Peter Rudolf Tomas Vaclav Vladimir Ludovit Stefan
			}
			female_names = {
				Alexandra Adleta Anna Bozena Dana Daniela Dominika Eva Jana Janka Katarina Lenka Lucia Margita Martina Miroslava Monika Maria Ruzena Veronika Zuzana
			}
			family = {

				Balog.Balogova.Balog.Balog 
				Balaz.Balaz.Balaz.Balaz 
				Bartos.Bartosova.Bartos.Bartos 
				Farkas.Farkasova.Farkas.Farkas 
				Gajdos.Gajdosova.Gajdos.Gajdos 
				Gabor.Gaborova.Gabor.Gabor 
				Horvath.Horvathova.Horvath.Horvath 
				Hudec.Hudecova.Hudec.Hudec 
				Hudak.Hudakova.Hudak.Hudak 
				Kiss.Kissova.Kiss.Kiss 
				Kollar.Kollarova.Kollar.Kollar 
				Kovacs.Kovacsova.Kovacs.Kovacs 
				Kovac.Kovacova.Kovac.Kovac.Kovac 
				Kovacik.Kovacikova.Kovacik.Kovacik 
				Lacko.Lackova.Lacko.Lacko 
				Lakatos.Lakatosova.Lakatos.Lakatos 
				Lukac.Lukacova.Lukac.Lukac 
				Molnar.Molnarova.Molnar.Molnar 
				Nagy.Nagyova.Nagy.Nagy 
				Novak.Novakova.Novak.Novak 
				Nemeth.Nemethova.Nemeth.Nemeth 
				Olah.Olahova.Olah.Olah 
				Oravec.Oravcova.Oravec.Oravec 
				Pavlik.Pavlikova.Pavlik.Pavlik 
				Polak.Polakova.Polak.Polak 
				Szabo.Szabova.Szabo.Szabo 
				Toth.Tothova.Toth.Toth 
				Urban.Urbanova.Urban.Urban 
				Varga.Vargova.Varga.Varga 
				Simko.Simkova.Simko.Simko
				
			}
		}
		sorbian = {
			male_names = {
				Albert Alfons Arnost Artur Awgust Bart Bjarnat Erich Erwin Fryco Gerald Hajno Handrij Hanzo Helmut Hendrich Hync Jakub Jan Jurij Korla Mato Macij Michal Miklaws Mercin Pawol Rudolf Timo Uwe Werner Wjaclaw
			}
			female_names = {
				Angela Anja Christa Diana Doris Edith Hanka Hilda Ingrid Jutta Jewa Lubina Madlena Marja Mina Olga Pawlina Roza Tanja Uta
			}
			family = {
Andricki.Andricka.Andricki.Andricki 
Budar.Budarowa.Budar.Budar 
Cyz.Cyz.Cyz.Cyz 
Frencel.Frenclowa.Frencel.Frencel 
Jakula.Jakula.Jakula.Jakula 
Jenc.Jenc.Jenc.Jenc 
Koch.Koch.Koch.Koch 
Kocor.Kocor.Kocor.Kocor 
Krawcec.Krawcec.Krawcec.Krawcec 
Kruswica.Kruswica.Kruswica.Kruswica 
Kosyk.Kosyk.Kosyk.Kosyk 
Mlynk.Mlynkowa.Mlynk.Mlynk 
Nagel.Naglowa.Nagel.Nagel 
Nawka.Nawka.Nawka.Nawka 
Njechornski.Njechornska.Njechornski.Njechornski 
Nowak.Nowakowa.Nowak.Nowak 
Pilk.Pilk.Pilk.Pilk 
Smoler.Smoler.Smoler.Smoler
Stempel.Stempel.Stempel.Stempel
Surowin.Surowinowa.Surowin.Surowin 
Witkojc.Witkojc.Witkojc.Witkojc
Wjela.Wjela.Wjela.Wjela
Zejler.Zejler.Zejler.Zejler 
Cisinski.Cisinska.Cisinski.Cisinski 
Cornakec.Cornakec.Cornakec.Cornakec 
Senec.Senec.Senec.Senec

			}
		}
		silesian = {
			male_names = {
				Adam Adolf Alojzy Alois Andrzej Antoni Atanazy Bonifacy Bruno Edmund Edward Emil Erich Egon Eugeniusz Franciszek Franz Georg Grzegorz Gerhard Hans Helmut Hermann Hubert Ignacy Jan Johann Jerzy Jozef Karol Klemens Leopold Marcin Martin Marek Markus Michal Otto Piotr Pawel Richard 					Robert Stefan Teodor Tomasz Udo Waclaw Waldemar Wincenty Wojciech Wolfgang Zygmunt
			}
		
			female_names = {
				Anna Adelajda Agnieszka Aleksandra Beata Barbara Bernadeta Brygida Elzbieta Eugenia Ewa Franciszka Genowefa Hanna Helena Henryka Hildegarda Honorata Iga Irena Izabela Jadwiga Judyta Katarzyna Leokadia Lidia Magda Maria Malgorzata Petronela Renata Stefania Teresa Telimena Urszula Zofia 				Zuzanna
			}
			family = {
				Achtelik.Achtelik.Achtelik.Achtelik
				Baran.Baran.Baran.Baran 
				Brylka.Brylka.Brylka.Brylka
				Franiel.Franiel.Franiel.Franiel
				Giebel.Giebel.Giebel.Giebel
				Golda.Golda.Golda.Golda
				Golab.Golab.Golab.Golab
				Gorzolka.Gorzolka.Gorzolka.Gorzolka
				Grajek.Grajek.Grajek.Grajek
				Huwer.Huwer.Huwer.Huwer
				Jadasch.Jadasch.Jadasch.Jadasch
				Kempka.Kempka.Kempka.Kempka
				Kleinwachter.Kleinwachter.Kleinwachter.Kleinwachter
				Klucewicz.Klucewicz.Klucewicz.Klucewicz
				Kokot.Kokot.Kokot.Kokot
				Korfanty.Korfanty.Korfanty.Korfanty
				Krawiec.Krawiec.Krawiec.Krawiec
				Mende.Mende.Mende.Mende
				Pasternak.Pasternak.Pasternak.Pasternak
				Pietrzyk.Pietrzyk.Pietrzyk.Pietrzyk
				Reimann.Reimann.Reimann.Reimann
				Rybarz.Rybarz.Rybarz.Rybarz
				Schubert.Schubert.Schubert
				Surma.Surma.Surma.Surma
				Szaforz.Szaforz.Szaforz.Szaforz
				Szczeponik.Szczeponik.Szczeponik.Szczeponik
				Szulik.Szulik.Szulik.Szulik
				Tyczka.Tyczka.Tyczka.Tyczka
				Ulitz.Ulitz.Ulitz.Ulitz.
				Walenta.Walenta.Walenta.Walenta
				Wieczorek.Wieczorek.Wieczorek.Wieczorek
				Zub.Zub.Zub.Zub
				}
		}
	}
	
	barbarian_names = { WEST_SLAVIC }
	
	graphical_culture = nordic_1815_gfx
	
	ethnicities = {
		10 = northern
	}	
}